ts,app,q,source,top_dist,retrieve_ms,gen_ms,answer_chars
1755708479.8823597,YouTube,How do i change video quality,retrieval,0.004209697246551514,925.48,0.0,58
1755708518.6845021,YouTube,Hello,rag,0.9002074003219604,601.78,5829.86,5
1755708543.6932726,YouTube,I need help,rag,0.7510526776313782,575.9,16433.63,44
1755708558.005933,YouTube,How do i turn on captions,retrieval,0.0032390356063842773,526.38,0.0,47
1755708563.983209,YouTube,How do i like a video,retrieval,0.009132742881774902,549.08,0.0,45
1755708593.928767,YouTube,How do i switch profiles,rag,0.3844722509384155,586.8,20366.23,57
1755708628.963804,YouTube,How do i go to another app,rag,0.6830999851226807,598.57,21940.01,30
1755763230.069372,YouTube,How do i turn on captions,retrieval,0.0032390356063842773,980.6,0.0,47
1755763249.2428787,YouTube,Hello,rag,0.9002074003219604,783.05,5493.07,5
1755763271.3066425,YouTube,How do i like a video,retrieval,0.009132742881774902,749.59,0.0,45
1755763313.993542,YouTube,How do I watch YouTube without ads?,rag,0.4462302327156067,561.36,29730.51,79
1755769585.4004288,YouTube,How do i like a video,retrieval,0.009132742881774902,1602.23,0.0,45
1755769610.581882,YouTube,Hello,rag,0.9002074003219604,580.25,6415.17,5
1755770393.3498921,YouTube,how do i like a video,retrieval,0.009132742881774902,5154.66,0.0,45,5154.67
1755770440.6629786,YouTube,How do I turn on captions?,retrieval,-2.384185791015625e-07,636.69,0.0,47,636.7
1755770493.34598,YouTube,How do I watch YouTube without ads?,rag,0.4462302327156067,647.16,25946.2,79,26593.39
1755770750.4161882,YouTube,How do I change video quality?,retrieval,-4.76837158203125e-07,768.58,0.0,58,768.59
1755770799.0467274,YouTube,How do I block YouTube ads permanently?,rag,0.4147554636001587,634.21,27320.65,74,27954.89
1755770826.8213272,YouTube,How do I change video quality?,retrieval,-4.76837158203125e-07,553.85,0.0,58,553.86
1755770975.904114,YouTube,How do I remove ads from YouTube without Premium?,rag,0.41274702548980713,612.23,27054.38,60,27666.63
1755776796.8717132,YouTube,How do i like a video?,retrieval,2.384185791015625e-07,4854.92,0.0,45,4854.94
1755776922.208979,YouTube,How do i watch youtube without ads,rag,0.4409370422363281,4076.33,99805.44,79,103881.79
1755778481.8838236,YouTube,How do I like a video?,retrieval,2.384185791015625e-07,1210.63,0.0,45,1210.64
1755778530.0246701,YouTube,I want to like this video.,rag,0.34300994873046875,1673.86,17992.42,26,19666.34
1755778568.4815865,YouTube,I want to like this video,rag,0.3132566809654236,728.71,26148.8,43,26877.54
1755778599.1166031,YouTube,i want to like this video,rag,0.3132566809654236,829.17,22048.88,43,22878.07
1755779046.250682,YouTube,How do I like a video?,retrieval,2.384185791015625e-07,1201.17,0.0,45,1201.18
1755779124.8257835,YouTube,How do I watch YouTube without ads?,rag,0.4462302327156067,880.23,28826.22,79,29706.49
1755779197.102428,YouTube,Can you help me with YouTube?,rag,0.4195947051048279,774.75,28789.12,53,29563.89
1755779248.4379182,YouTube,How do i like a video?,retrieval,2.384185791015625e-07,1435.15,0.0,45,1435.16
1755779939.7319598,YouTube,How do i like a video,retrieval,0.009132742881774902,1437.8,0.0,45,1437.81
1755780009.2504544,YouTube,How do I watch YouTube without ads?,rag,0.4462302327156067,713.08,30596.86,79,31310.02
1758084265.1002038,YouTube,Hello,rag,0.9002074003219604,226.27,2001.52,5,2227.82
1758084278.2563353,YouTube,How do I change my profile?,rag,0.45578569173812866,119.36,1437.57,57,1556.95
